name,budget,popularity,release_date,vote_average,revenue
Avengers: Endgame,370000000,78.7,10/21/2019,5.9,1005165301
The Lion King,219000000,97.3,10/3/2019,9,773655672.8
Frozen II,88000000,66.1,7/12/2019,7.7,115238034.1
Joker,387000000,97.4,8/3/2019,7.7,1198916624
Toy Story 4,399000000,63,10/25/2019,5.7,644994089.2
Captain Marvel,84000000,99.7,3/8/2019,8,241697213.1
Spider-Man: Far From Home,93000000,97.5,12/2/2019,6.6,343352811.3
Aladdin,81000000,78.9,9/15/2019,7.2,157758135
It Chapter Two,347000000,53.9,11/17/2019,5.7,756075299
Knives Out,246000000,52.5,7/27/2019,6.2,427836764.2
The Eight Hundred,331000000,99,7/10/2019,8.3,537227925
Tenet,57000000,76.7,5/24/2019,6,78257372.16
Wonder Woman 1984,289000000,93.2,9/16/2019,6.8,488730902.7
Sonic the Hedgehog,395000000,52.9,6/8/2019,6.6,1399004252
Dolittle,319000000,55,5/14/2019,8.8,1008430847
Birds of Prey,320000000,71.8,8/3/2019,6.6,1261324184
The Invisible Man,273000000,92.3,4/4/2019,6.9,811706468.1
Soul,114000000,70.7,2/4/2019,9,334718967.2
Onward,172000000,87.3,5/27/2019,8.6,550008153.2
Mulan,157000000,70.1,3/21/2019,5.5,322222828.8
Spider-Man: No Way Home,161000000,93.4,6/20/2019,6.7,358893619.7
Shang-Chi,311000000,71.7,6/14/2019,7.2,1136144753
Eternals,301000000,51.3,8/10/2019,8.1,366095910.6
Dune,146000000,61.2,9/8/2019,8,325001231.4
Black Widow,383000000,70.5,1/4/2019,7,445334469.7
No Time to Die,287000000,71.8,3/28/2019,8.7,758097427.9
F9,88000000,84.3,5/20/2019,8.8,143873955.5
The Suicide Squad,391000000,95.7,3/28/2019,8.1,1131279181
Encanto,181000000,74.9,4/23/2019,8.8,253117889.7
Raya and the Last Dragon,204000000,78.7,10/16/2019,5.5,336202102.2
Top Gun: Maverick,378000000,92.3,3/9/2019,6.8,1300382531
Avatar: The Way of Water,58000000,86.1,12/22/2019,8.1,70518288.55
Doctor Strange 2,179000000,59,8/27/2019,5,632849729
Jurassic World Dominion,350000000,95.5,4/14/2020,7.4,439968837.3
The Batman,397000000,91,1/23/2020,5.2,622210847.9
Minions: The Rise of Gru,264000000,66.5,11/19/2020,7.7,457107245.5
Thor: Love and Thunder,213000000,84.5,8/6/2020,7.2,319260092.7
Black Panther: Wakanda Forever,85000000,56.7,6/24/2020,5.6,221906183.3
Elvis,95000000,65.4,10/26/2020,5.3,370111297.3
Lightyear,364000000,82.2,11/20/2020,7.2,1391129929
Barbie,104000000,52.3,9/24/2020,6.2,163605214
The Super Mario Bros. Movie,345000000,56.3,11/16/2020,7,932488403.8
Oppenheimer,275000000,70,4/15/2020,7.4,1083686892
Guardians of the Galaxy Vol. 3,336000000,82.1,5/9/2020,8.8,779767789.1
Fast X,160000000,75.1,7/5/2020,5.9,243536173.5
The Little Mermaid,373000000,83.3,7/27/2020,7.5,1167650299
Ant-Man and the Wasp: Quantumania,221000000,53.4,11/25/2020,5.2,626797748.7
Mission Impossible 7,237000000,52.5,10/18/2020,7.6,644143232.7
The Marvels,211000000,50.4,12/20/2020,7.2,467471974.1
Dungeons & Dragons: Honor Among Thieves,309000000,62.7,3/21/2020,8.8,759149568.1
Deadpool 3,223000000,89.4,11/1/2020,6.3,811139316.6
Mission: Impossible - Dead Reckoning Part Two,71000000,84.6,8/18/2020,8.1,264563454.4
Joker: Folie ‡ Deux,271000000,52.8,11/1/2020,5,1067771238
Fantastic Four,364000000,86.5,11/24/2020,5.8,1407869600
The Hunger Games: The Ballad of Songbirds and Snakes,271000000,90.5,2/7/2020,6.8,461776065.1
Transformers: Rise of the Beasts,268000000,53.5,9/23/2020,8.6,369650581
Shazam! Fury of the Gods,393000000,56.3,5/27/2020,7,758403604.3
Aquaman and the Lost Kingdom,373000000,73.8,2/7/2020,5,1390189139
Wonka,59000000,70.7,9/25/2020,5.3,68647618.88
The Flash,259000000,92,12/21/2020,6.6,565568452.3
A Quiet Place Part II,227000000,58.4,5/23/2020,7.1,305182046.7
Cruella,143000000,59.5,6/18/2020,8.1,293950275.4
The Matrix Resurrections,378000000,87.1,7/4/2020,7.2,967888704.3
Free Guy,360000000,61.7,3/25/2020,8.3,630575695.8
Luca,281000000,94.6,3/19/2020,5.5,828388651.5
The Tomorrow War,77000000,70.4,10/15/2020,7.8,197952254.4
The Kingís Man,372000000,52.1,11/22/2021,5.5,562616693.2
Jungle Cruise,73000000,88.1,2/4/2021,5.4,204971708.9
Space Jam: A New Legacy,375000000,72,2/3/2021,7.3,1392390768
Army of the Dead,104000000,51,10/28/2021,8.6,160288068
Morbius,198000000,86.9,5/13/2021,5.4,477346613.9
Uncharted,297000000,54,11/12/2021,5.4,866570080
Turning Red,310000000,62.1,4/8/2021,7.7,988339325.9
Moonfall,153000000,54.7,3/19/2021,6.2,459020714.4
Ambulance,157000000,77.3,3/18/2021,7.4,521484427.7
Light of My Life,398000000,85.2,8/25/2021,5.7,1160526254
The Sea Beast,207000000,76.2,7/14/2021,5.8,814373946.2
The Bubble,390000000,89.8,6/7/2021,8.7,1469276614
Donít Look Up,252000000,83.2,1/4/2021,6.5,916253880.2
Pinocchio,273000000,72.3,10/20/2021,7.7,1076022897
The Lost City,171000000,69,6/16/2021,5.3,515422513.3
Thor: Ragnarok Returns,187000000,59.7,7/9/2021,5.8,472515163.9
Captain America Reborn,60000000,51.9,11/3/2021,5.9,155726176.7
Fantastic Beasts: The Secrets of Dumbledore,250000000,99.5,8/24/2021,8.5,417219696.8
The Gray Man,58000000,93.2,6/21/2021,7.7,109261151.3
Everything Everywhere All At Once,273000000,69.3,6/26/2021,8.6,814903945.7
Amsterdam,316000000,91.8,5/7/2021,7.3,707763567.5
The Whale,76000000,61.4,7/16/2021,7.9,265445096.9
Smile,363000000,95.3,3/6/2021,7.9,1247478226
Nope,346000000,86.6,1/28/2021,8,865250118
Evil Dead Rise,379000000,66.8,1/16/2021,7,907568534.7
The Fabelmans,272000000,76.2,11/22/2021,5.5,351891052
Creed III,128000000,95.8,12/7/2021,7.5,233119213.6
John Wick: Chapter 4,111000000,80.6,9/14/2021,6.1,162958526.4
Shazam Returns,210000000,72.8,1/22/2021,5.6,528839024.6
Elemental,119000000,57.1,4/9/2021,8.9,299548257.3
Spider-Man: Across the Spider-Verse,93000000,84.9,10/19/2021,6.6,150498206.9
Wish,142000000,82,6/19/2021,8.5,256352270.3
Teenage Mutant Ninja Turtles: Mutant Mayhem,116000000,90.6,6/11/2021,5.3,231237200.8
The Equalizer 3,395000000,59.7,9/20/2022,7.7,678714149.5
Kraven the Hunter,192000000,52.7,3/4/2022,8.5,584889130.9
The Creator,213000000,94.8,7/4/2022,5.6,722454338.3
Wish Dragon,286000000,89.8,8/2/2022,7,553830182.8
Scary Stories to Tell in the Dark,85000000,63.2,6/21/2022,8.8,198875403.6
Missing,87000000,91.3,4/28/2022,7.1,142848772.2
65,236000000,74.9,10/28/2022,8.5,679635350.6
Blade Runner 2099,118000000,55.9,2/25/2022,5.5,372726223.1
Paddington 3,371000000,64.5,7/23/2022,7.3,447377311.3
The Haunted Mansion,104000000,63.8,6/20/2022,7.5,289238536.7
Red Notice 2,105000000,55.2,4/22/2022,5.1,168979845.2
The Last Voyage of the Demeter,112000000,73.2,10/14/2022,5.6,260612605
A Haunting in Venice,102000000,71.8,8/4/2022,7.9,323895978.7
The Nun 2,169000000,98.4,7/22/2022,5.9,595748883.5
Dune: Part Two,233000000,68.1,11/11/2022,5.6,613194039.3
Godzilla vs. Kong: The New Empire,122000000,50.5,6/6/2022,6.5,311743034.4
Captain Marvel 2,69000000,93.9,12/4/2022,5.6,133848328.2
Frozen III,107000000,94.8,2/20/2022,7.8,389313349.2
Zootopia 2,278000000,96.9,5/13/2022,8.9,963406109.9
Kung Fu Panda 4,396000000,82.7,5/23/2022,5.4,598106282.5
Sing 3,161000000,77.6,6/20/2022,6.7,327229871.5
The Bad Guys 2,286000000,64.2,12/10/2022,7.2,948275573.3
Hotel Transylvania: Back to the Shadows,332000000,60.4,10/12/2022,7.2,421517103.9
The Incredibles 3,330000000,56,10/22/2022,7.3,912765975.3
WALL-E Returns,380000000,71.9,1/7/2022,7.2,1317226640
Brave 2,301000000,87.4,4/2/2022,6.7,614984183.2
The Good Dinosaur 2,81000000,52.7,9/28/2022,6.6,136931497
Encanto 2,217000000,60.7,8/1/2022,8.6,388491388.9
Strange World Returns,166000000,90.8,1/10/2022,6.5,422425053.9
Moana: A New Wave,236000000,92.6,5/8/2022,6.2,803208159.5
Rayaís Journey Continues,182000000,56.4,9/16/2022,8.4,717031116.1
Big Hero 6: Hiroís Quest,295000000,97.2,3/13/2022,6.3,987067159.5
Tangled: The Next Chapter,348000000,72.9,11/9/2022,6.4,846977785.1
The LEGO Movie 3,195000000,64.4,1/9/2023,8.2,768558682.6
Cars 4,363000000,61.7,11/11/2023,5.4,944277282.5
Planes: Beyond the Sky,224000000,65,3/3/2023,5.1,769231650
Inside Out 2,383000000,54.6,8/4/2023,8.7,951532073.6
Toy Story 5,166000000,57.5,2/11/2023,5.1,367466201.4
Finding Marlin,363000000,91.9,3/13/2023,5.9,992954064.4
Ratatouille 2,114000000,76.6,2/27/2023,8.2,273331249.6
"Monsters, Inc. 3",337000000,70.2,12/12/2023,6.9,1018274767
Despicable Me 4,196000000,59.2,9/3/2023,7.2,571420430
Minions 3,169000000,52.6,10/6/2023,6.8,597178525.9
Ice Age: The Frost Chronicles,248000000,50,10/3/2023,7,709717345.1
Shrek 5,146000000,54.9,2/26/2023,6.3,205617686
How to Train Your Dragon 4,73000000,79.9,2/5/2023,8.4,189404640.1
The Croods 3,55000000,57.3,7/27/2023,8,156797144.8
Madagascar Returns,385000000,77.9,12/27/2023,8.8,1360625455
Megamind: The Comeback,203000000,92.3,8/11/2023,6.4,794201424.3
Turbo 2,67000000,51.9,9/8/2023,7.7,170726316.8
Trolls Band Together,377000000,63.4,11/25/2023,8.8,1156639825
A New Hope Awakens,217000000,64.9,3/11/2023,6.6,501530257.6
Star Wars: Knights of the Republic,99000000,74.8,3/8/2023,8.7,198697002.9
Avatar 3: Seeds of the Spirit,333000000,99.3,7/20/2023,5.5,517900725.5
Avatar 4: The Tulkun Story,81000000,52.1,7/12/2023,7.8,124426852.6
Avengers: Secret Wars,73000000,74.8,3/18/2023,6.5,245333935.9
The Eternals Return,390000000,100,5/17/2023,8.8,836718036.6
X-Men: Rebirth,78000000,99.7,12/16/2023,7.3,138783647.2
Deadpool vs Wolverine,288000000,91.1,6/21/2023,6.2,790826062.4
Loki: The Movie,97000000,96.6,9/7/2023,7,274313341.4
Doctor Strange: The Dark Dimension,196000000,93.5,9/13/2023,5.8,711093654.3
Ant-Man and the Wasp: Microverse,326000000,77.1,5/20/2023,5.9,390910936.8
Ironheart,55000000,83.4,2/26/2023,7.8,161152254.1
Captain America: New Dawn,133000000,52.7,6/8/2023,7.3,276555317.9
The Fantastic Voyage,257000000,72.4,3/15/2023,6.1,404317386.7
Thor: God Slayer,187000000,73,12/18/2023,5.9,361450702.6
Guardians of the Galaxy: Volume Final,189000000,57.5,11/9/2024,8.1,665932402.4
Spider-Woman,269000000,65.3,5/6/2024,7.9,377183457.5
The Silver Surfer,243000000,80.2,5/25/2024,6.8,406422705.8
Black Widow Reborn,276000000,76.1,4/7/2024,6.9,578761070
The Hulk Unleashed,340000000,93.3,3/14/2024,6.7,1199923094
The Vision,180000000,66.8,5/9/2024,5.2,550154002.9
Scarlet Witch,252000000,54.6,7/28/2024,5,947470476.9
Hawkeye Returns,292000000,82.7,8/14/2024,7.7,523643773.9
The Defenders Reunite,193000000,55.9,8/20/2024,8.9,643718930.3
Daredevil: Hellís Kitchen,139000000,55.3,2/17/2024,7.7,550816605.4
Jessica Jones Returns,123000000,99.3,11/6/2024,6.8,357142073.8
Luke Cage: Harlem Hero,301000000,66.1,10/25/2024,5.3,776484451.3
Iron Fist: Dragon Spirit,102000000,80.7,10/4/2024,5.1,311291475.2
Ghost Rider: Hellfire,154000000,75.1,1/13/2024,7.4,488057041.4
Blade: Bloodlust,361000000,71.3,7/27/2024,8.4,503036369.1
Shang-Chi: The Golden Realm,137000000,99.5,2/22/2024,6.1,230953533.6
The Punisher: Warzone,331000000,88.1,2/23/2024,7.6,1307262408
Venom: Carnage Reborn,85000000,85.3,2/26/2024,7.6,339492895.9
Kravenís Hunt,301000000,55.6,4/27/2024,7.6,427851363.3
Madame Web,236000000,72.1,1/21/2024,8.2,912520392
Sinister Six,388000000,77.5,8/28/2024,6.6,1158269164
The Vultureís Revenge,343000000,81.8,1/24/2024,8.4,563395462.3
Doctor Octopus Reborn,347000000,66.3,9/23/2024,8,545053126.8
Mysterioís Labyrinth,87000000,58.9,2/16/2024,8.1,257045212.4
Green Goblin Returns,83000000,85.6,10/11/2024,7.8,180706739.1
The Lizard Unleashed,300000000,94.7,3/13/2024,8,674285035.9
Electroís Fury,318000000,71.4,1/18/2024,7.1,441265301.6
Sandmanís Kingdom,108000000,99,8/14/2024,6.4,303068344.9
Rhinoís Rampage,233000000,93.7,11/2/2024,8.1,434067693.8
Black Cat: Thief in the Night,134000000,52.4,2/4/2024,8.1,204504497.8
Silver Sable,64000000,80.8,12/10/2024,8.8,154296953.5
Spider-Gwen: Web of Hope,212000000,92.9,2/2/2024,7.4,309362028.9
Spider-Man 2099,322000000,52.4,7/27/2024,7.1,877819732.1
Black Swan,13000000,32.803,3/12/2010,7.652,329398046
John Wick: Chapter 3 - Parabellum,55000000,116.426,15/05/2019,7.436,326709727
Taken 3,48000000,188.875,16/12/2014,6.225,325771424
Megamind,130000000,52.132,28/10/2010,6.933,321885765
Robin Hood,200000000,57.184,12/5/2010,6.4,321669741
The Conjuring 2,40000000,135.585,8/6/2016,7.283,320392818
The Last Airbender,150000000,90.009,30/06/2010,4.661,319713881
Green Book,23000000,44.693,16/11/2018,8.242,319700000
The Conjuring,13000000,162.693,18/07/2013,7.535,319494638
The Expendables 2,100000000,51.53,8/8/2012,6.302,314975955
Maze Runner: The Scorch Trials,61000000,108.319,9/9/2015,6.723,312296056
Us,20000000,35.014,14/03/2019,6.979,255105930
Kung Fu Yoga,65000000,21.503,27/01/2017,5.858,254212245
Halloween,10000000,59.735,18/10/2018,6.5,253688035
Men in Black: International,110000000,32.872,12/6/2019,5.98,252608480
Dark Phoenix,200000000,68.571,5/6/2019,6.008,252442974
True Grit,38000000,16.038,22/12/2010,7.296,252276927
American Hustle,40000000,22.03,3/12/2013,6.846,251171807
Cloudy with a Chance of Meatballs 2,78000000,55.778,26/09/2013,6.438,248384621
Grown Ups 2,80000000,117.642,11/7/2013,6.108,247022278
Glass,20000000,68.647,16/01/2019,6.682,246941965
The Peanuts Movie,99000000,25.788,1/11/2015,6.838,246233113
Rango,135000000,53.777,2/3/2011,6.784,245724603
Teenage Mutant Ninja Turtles: Out of the Shadows,135000000,53.708,1/6/2016,5.987,245623848
Dark Shadows,150000000,38.87,9/5/2012,6.022,245527149
Pixels,88000000,73.008,16/07/2015,5.707,244874809
Hercules,100000000,62.847,23/07/2014,5.745,244819862
After Earth,130000000,42.856,30/05/2013,5.197,243843127
Daddy's Home,50000000,34.105,25/12/2015,6.265,242786137
RoboCop,120000000,22.033,30/01/2014,5.833,242688965
Alien: Covenant,97000000,87.55,9/5/2017,6.06,240891763
Sully,60000000,28.308,7/9/2016,7.2,240797623
Assassin's Creed,125000000,40.832,21/12/2016,5.428,240697856
Resident Evil: Retribution,65000000,8.972,12/9/2012,5.799,240159255
Crazy Rich Asians,30000000,23.577,15/08/2018,7.08,238539198
Gulliver's Travels,112000000,25.057,23/12/2010,5.175,237382724
Silver Linings Playbook,21000000,29.415,16/11/2012,7.125,236412453
Spy,65000000,30.851,6/5/2015,6.829,235666219
American Reunion,50000000,66.864,4/4/2012,6.3,234989584
Alvin and the Chipmunks: The Road Chip,90000000,27.99,17/12/2015,6.024,233755553
The Imitation Game,14000000,46.688,14/11/2014,8.015,233555708
The Girl with the Dragon Tattoo,90000000,19.379,14/12/2011,7.351,232617430
Argo,44500000,14.747,22/03/2012,7.263,232325503
Annabelle Comes Home,30000000,93.57,26/06/2019,6.433,231252591
Hidden Figures,25000000,98.287,10/12/2016,8.066,230698791
Ghostbusters,144000000,44.972,14/07/2016,5.383,229147509
The Green Hornet,120000000,17.748,12/1/2011,5.55,227817248
Paddington 2,40000000,35.701,9/11/2017,7.481,227300000
Baby Driver,34000000,56.955,28/06/2017,7.458,226945087
Immortals,75000000,22.852,10/11/2011,5.924,226904017
Percy Jackson & the Olympians: The Lightning Thief,95000000,144.252,1/2/2010,6.203,226497209
Hansel & Gretel: Witch Hunters,50000000,73.099,17/01/2013,6.008,226349749
Valerian and the City of a Thousand Planets,177200000,53.763,20/07/2017,6.622,225874228
Ford v Ferrari,97600000,40.175,13/11/2019,8.002,225508210
The Social Network,40000000,40.165,1/10/2010,7.34,224920315
Non-Stop,50000000,15.828,26/02/2014,6.811,222809600
Geostorm,120000000,71.599,13/10/2017,6.087,221600160
Inferno,75000000,30.034,13/10/2016,6,220021259
Green Lantern,200000000,85.119,16/06/2011,5.161,219851172
Planes,50000000,35.539,9/8/2013,5.9,219788712
Captain Phillips,55000000,17.587,10/10/2013,7.56,218791811
Jack Reacher,60000000,90.161,20/12/2012,6.575,218340595
Dracula Untold,70000000,25.483,1/10/2014,6.378,217124280
Central Intelligence,50000000,48.309,15/06/2016,6.403,216972543
The Emoji Movie,50000000,40.573,23/07/2017,5.529,216909830
The Help,25000000,112.847,9/8/2011,8.197,216639112
Little Women,40000000,41,25/12/2019,7.918,216601214
Valentine's Day,52000000,18.069,10/2/2010,5.896,216485654
Bad Teacher,20000000,21.501,16/05/2011,5.569,216197492
Ted 2,68000000,129.404,25/06/2015,6.27,215863606
Dumbo,170000000,46.083,27/03/2019,6.671,215832199
The Sorcerer's Apprentice,150000000,34.729,13/07/2010,6.081,215283742
Just Go with It,80000000,87.553,10/2/2011,6.659,214945591
The Expendables 3,95000000,60.851,7/8/2014,6.217,214700000
Creed II,50000000,156.305,21/11/2018,6.967,214215889
Into the Woods,50000000,13.785,24/12/2014,5.761,212902372
Bridget Jones's Baby,35000000,18.283,14/09/2016,6.431,211952420
Battle: Los Angeles,70000000,94.691,8/3/2011,5.715,211819354
Fury,68000000,152.216,15/10/2014,7.503,211817906
Due Date,65000000,36.708,4/11/2010,6.347,211780824
Horrible Bosses,35000000,31.179,8/7/2011,6.568,209838559
Tomorrowland,190000000,47.75,19/05/2015,6.243,209154322
Safe House,85000000,13.095,8/2/2012,6.428,208076205
Me Before You,20000000,196.924,1/6/2016,7.896,207945075
Paranormal Activity 3,5000000,75.925,19/10/2011,5.9,207039844
London Has Fallen,60000000,45.339,2/3/2016,6.153,205754447
White House Down,150000000,63.168,27/06/2013,6.437,205366737
A Dog's Purpose,22000000,59.855,19/01/2017,7.594,205035819
Eat Pray Love,60000000,17.983,12/8/2010,6.219,204594016
Yogi Bear,80000000,18.034,17/12/2010,5.611,203509374
Everest,55000000,41.519,10/9/2015,6.811,203427584
Arrival,47000000,60.667,10/11/2016,7.57,203388186
Need for Speed,66000000,98.059,12/3/2014,6.353,203277636
The Addams Family,40000000,107.258,10/10/2019,6.647,203044905
Straight Outta Compton,28000000,81.275,11/8/2015,7.782,201634991
21 Jump Street,42000000,38.598,14/03/2012,6.869,201585328
One Cut of the Dead,30000,8.279,4/11/2017,7.683,200000000
Percy Jackson: Sea of Monsters,90000000,37.85,7/8/2013,6.022,199850315
RED,58000000,25.404,13/10/2010,6.696,199000000
Total Recall,125000000,59.189,2/8/2012,6,198802074
The Impossible,45000000,69.462,9/9/2012,7.362,198087212
Jack the Giant Slayer,195000000,60.284,27/02/2013,5.782,197687603
Smurfs: The Lost Village,60000000,30.88,23/03/2017,6.297,197183546
The Other Woman,40000000,31.592,16/04/2014,6.418,196781193
The Vow,30000000,28.665,5/2/2012,7.221,196114570
The BFG,140000000,46.34,1/6/2016,6.242,195243411
The Shape of Water,19500000,34.384,1/12/2017,7.249,194989655
The Intern,35000000,43.998,23/09/2015,7.195,194564672
The Lego Movie 2: The Second Part,99000000,24.107,26/01/2019,6.7,192456290
The Equalizer,55000000,84.873,24/09/2014,7.229,192330738
Downton Abbey,20000000,14.407,12/9/2019,7.162,192094429
The Equalizer 2,62000000,58.219,19/07/2018,6.6,190400157
Gnomeo & Juliet,36000000,25.974,13/01/2011,5.846,189712432
22 Jump Street,50000000,48.531,5/6/2014,6.842,188441614
The Secret Life of Walter Mitty,90000000,28.423,18/12/2013,7.2,188133322
Mr. Popper's Penguins,55000000,26.838,17/06/2011,5.916,187361754
12 Years a Slave,20000000,27.728,18/10/2013,7.95,187000000
Hugo,170000000,21.367,22/11/2011,7.174,185770160
Pitch Perfect 3,45000000,22.189,20/12/2017,6.569,184724494
Jupiter Ascending,176000003,67.212,4/2/2015,5.41,183987723
Hop,63000000,17.94,30/03/2011,5.725,183953723
Bad Moms,20000000,20.114,28/07/2016,6.501,183936074
Mirror Mirror,85000000,20.857,15/03/2012,5.908,183018522
Storks,70000000,52.856,22/09/2016,6.62,182379278
Daddy's Home 2,69000000,33.494,9/11/2017,6.264,180613180
Abominable,75000000,31.576,19/09/2019,7.539,180289970
The Post,50000000,16.049,19/01/2017,6.995,179769467
The Dictator,65000000,29.973,15/05/2012,6.143,179379533
Allegiant,110000000,42.386,9/3/2016,6.099,179246868
Baywatch,69000000,64.624,25/05/2017,6.1,177856751
War Horse,66000000,23.695,25/12/2011,7.299,177584879
Paranormal Activity 2,3000000,40.865,20/10/2010,5.7,177512032
The Descendants,20000000,22.156,9/9/2011,6.816,177243185
The A-Team,110000000,50.236,9/6/2010,6.381,177238796
The Hitman's Bodyguard,30000000,82.181,16/08/2017,6.884,176586701
Serial (Bad) Weddings,13000000,13.729,16/04/2014,6.689,176404493
Hacksaw Ridge,40000000,288.831,7/10/2016,8.191,175302354
Cowboys & Aliens,163000000,77.779,29/07/2011,5.574,174822325
The Mule,50000000,29.251,14/12/2018,6.816,174804407
The Grand Budapest Hotel,30000000,34.996,26/02/2014,8.055,174600318
Identity Thief,35000000,26.14,7/2/2013,5.838,173965010
In Time,40000000,186.624,27/10/2011,6.954,173930596
Rocketman,40000000,16.495,17/05/2019,7.359,167323950
Magic Mike,7000000,24.724,28/06/2012,6.144,167221571
Insidious: The Last Key,10000000,48.195,3/1/2018,6.2,167184112
Bridge of Spies,40000000,14.927,15/10/2015,7.225,165478348
The Muppets,45000000,29.94,22/11/2011,6.639,165184237
The Huntsman: Winter's War,115000000,44.706,6/4/2016,6.279,164989338
Unbroken,65000000,20.512,25/12/2014,7.4,163442937
The Magnificent Seven,90000000,60.917,14/09/2016,6.385,162360636
Jack Reacher: Never Go Back,60000000,83.87,19/10/2016,5.898,162146076
Limitless,27000000,61.483,8/3/2011,7.171,161849455
Flight,31000000,34.133,2/11/2012,6.794,161772375
Olympus Has Fallen,70000000,55.818,20/03/2013,6.364,161025640
Insidious: Chapter 2,5000000,64.76,12/9/2013,6.7,161000000
Into the Storm,50000000,60.196,6/8/2014,6,160602194
The Predator,88000000,135.874,5/9/2018,5.634,160542134
"Three Billboards Outside Ebbing, Missouri",15000000,20.276,1/12/2017,8.096,160192031
Underworld: Awakening,70000000,70.754,19/01/2012,6.284,160112671
Johnny English Reborn,45000000,37.445,15/09/2011,6.21,160078586
Zindagi Na Milegi Dobara,7700000,8.005,15/07/2011,7.6,160000000
Step Up 3D,30000000,42.007,4/8/2010,6.819,159291809
Don't Breathe,9900000,42.209,8/6/2016,7.003,159047649
The Heat,43000000,48.955,27/06/2013,6.608,158674180
Johnny English Strikes Again,25000000,28.451,6/9/2018,6.245,158256993
Goosebumps,58000000,41.769,5/8/2015,6.304,158162788
Final Destination 5,47000000,75.076,12/8/2011,6.067,157887643
Hustlers,20000000,25.123,12/9/2019,6.496,157600000
The Book of Eli,80000000,25.091,11/1/2010,6.775,157107755
This Means War,65000000,20.01,14/02/2012,6.143,156974557
Ip Man 3,36000000,28.376,24/12/2015,6.983,156844753
The Hateful Eight,44000000,21.961,25/12/2015,7.737,155760117
Escape Room,9000000,37.001,3/1/2019,6.545,155712077
The Accountant,44000000,52.91,13/10/2016,7.041,155160045
The Secret Life of Pets 2,80000000,66.755,24/05/2019,7.002,155152550
The Monuments Men,70000000,24.654,24/01/2014,6.035,154984035
The Town,37000000,98.962,15/09/2010,7.19,154026136
Ride Along,25000000,17.798,7/1/2014,6.226,153997819
Focus,50100000,50.528,25/02/2015,6.886,153962963
Tower Heist,75000000,36.18,2/11/2011,6.058,152930623
Date Night,55000000,22.024,8/4/2010,6.067,152263880
Jackass Presents: Bad Grandpa,15000000,23.507,22/10/2013,6.096,151831537
Red Sparrow,69000000,30.443,28/02/2018,6.524,151572634
Planes: Fire & Rescue,50000000,26.066,17/07/2014,6.1,151165787
Midnight in Paris,17000000,15.474,11/5/2011,7.533,151119219
47 Ronin,175000000,24.901,6/12/2013,6.143,150962475
Darkest Hour,30000000,22.534,22/11/2017,7.351,150847207
Gods of Egypt,140000000,54.473,25/02/2016,5.609,150680864
Happy Feet Two,130000000,70.04,18/11/2011,6.1,150406466
Monkey King: Hero Is Back,10000000,84.246,10/7/2015,6.877,150000000
Bajrangi Bhaijaan,13000000,8.265,17/07/2015,7.877,150000000
I Am Number Four,50000000,31.751,18/02/2011,6.169,149878437
Jack and Jill,79000000,35.668,11/11/2011,4.3,149673788
Friends with Benefits,35000000,53.439,21/07/2011,6.657,149542245
Lone Survivor,40000000,35.303,24/12/2013,7.428,149295601
No Strings Attached,25000000,63.389,21/01/2011,6.29,149228077
Lights Out,4900000,33.946,21/07/2016,6.316,148868835
King Arthur: Legend of the Sword,175000000,85.014,10/5/2017,6.524,148675066
RED 2,84000000,50.997,18/07/2013,6.5,148100000
The Angry Birds Movie 2,65000000,48.583,2/8/2019,7.134,147792047
Source Code,32000000,33.297,30/03/2011,7.285,147332697
The Last Witch Hunter,90000000,49.073,21/10/2015,5.941,146936910
Angel Has Fallen,40000000,53.76,21/08/2019,6.521,146661977
Mama,15000000,33.409,17/01/2013,6.232,146497771
The Secret World of Arrietty,23000000,27.653,16/07/2010,7.607,145570827
The Foreigner,35000000,203.794,28/09/2017,6.901,145374099
Chronicle,15000000,91.901,1/2/2012,6.802,145000000
Pete's Dragon,65000000,22.926,10/8/2016,6.371,143695338
"Crazy, Stupid, Love.",50000000,26.814,29/07/2011,7.257,142851197
Paranormal Activity 4,5000000,39.278,17/10/2012,5.4,142817992
Power Rangers,100000000,60.826,23/03/2017,6.3,142337240
New Year's Eve,56000000,17.872,8/12/2011,5.873,142044638
Trainwreck,35000000,28.998,17/07/2015,5.781,140795793
Sausage Party,19000000,64.856,11/7/2016,5.718,140705322
Step Up Revolution,33000000,30.435,26/07/2012,6.924,140470746
Girls Trip,19000000,29.542,21/07/2017,6.836,140376621
Lion,12000000,18.041,20/01/2016,8.09,140312928
Legend of the Guardians: The Owls of Ga'Hoole,80000000,22.257,10/7/2010,6.8,140073390
Contagion,60000000,28.933,8/9/2011,6.633,137551594
Secret Superstar,286284,6.202,19/10/2017,7.521,137416709
The First Purge,13000000,97.015,4/7/2018,6,137056262
The Best Exotic Marigold Hotel,10000000,11.224,28/11/2011,6.945,136836156
Let's Be Cops,17000000,63.66,13/08/2014,6.438,136621271
The Bounty Hunter,40000000,11.525,16/03/2010,5.844,136333522
Saw 3D,20000000,41.685,21/10/2010,6,136151680
Jack Ryan: Shadow Recruit,60000000,27.687,15/01/2014,6.107,135511030
Wall Street: Money Never Sleeps,70000000,12.569,2/9/2010,6.095,134748021
Last Vegas,28000000,18.168,31/10/2013,6.404,134402450
Annie,65000000,28.624,19/12/2014,6.226,133821816
Point Break,105000000,34.946,3/12/2015,5.885,133718711
American Made,50000000,34.541,18/08/2017,6.84,133511855
The Artist,15000000,9.348,12/10/2011,7.437,133432856
The Big Short,28000000,29.212,11/12/2015,7.33,133346506
Zero Dark Thirty,40000000,23.617,19/12/2012,6.974,132820716
Ad Astra,87500000,14.948,17/09/2019,6.095,132807427
A Wrinkle in Time,103000000,19.228,8/3/2018,5.1,132675864
Ghost Rider: Spirit of Vengeance,57000000,73.914,11/12/2011,5.009,132563930
The Three Musketeers,75000000,27.988,31/08/2011,5.8,132274484
2 Guns,61000000,37.596,2/8/2013,6.519,131940411
The House with a Clock in Its Walls,42000000,21.87,15/09/2018,6.237,131457147
Unknown,30000000,63.11,16/02/2011,6.656,130786397
A Bad Moms Christmas,28000000,20.311,4/8/2017,6.324,130560428
Cloud Atlas,102000000,21.325,26/10/2012,6.864,130482868
Pan,150000000,22.88,24/09/2015,5.969,128388320
Blended,40000000,76.331,21/05/2014,6.848,127994610
The Adjustment Bureau,50200000,17.404,3/3/2011,6.717,127869379
The Woman in Black,17000000,21.841,3/2/2012,6.108,127730736
Midway,100000000,37.374,6/11/2019,7.158,127420861
Predators,40000000,136.882,3/7/2010,6.2,127233108
Walking with Dinosaurs,80000000,41.877,18/12/2013,6.094,126546518
Sex Tape,40000000,74.996,17/07/2014,5.381,126069509
This Is the End,32000000,33.493,12/6/2013,6.217,126041322
Along with the Gods: The Two Worlds,18300000,119.52,14/12/2017,8.105,125983972
Mechanic: Resurrection,40000000,51.651,25/08/2016,5.926,125729635
Ender's Game,110000000,23.474,24/10/2013,6.585,125537191
Happy Death Day,4800000,30.747,12/10/2017,6.643,125479266
Captain Underpants: The First Epic Movie,38000000,28.202,1/6/2017,6.229,125427681
Dragon Ball Super: Broly,1000000,117.389,14/12/2018,7.859,125002821
Ride Along 2,40000000,29.981,14/01/2016,6.237,124827316
Extreme Job,8120000,13.087,23/01/2019,7.074,124652206
The Theory of Everything,15000000,22.996,26/11/2014,7.874,123726688
Nanny McPhee and the Big Bang,25000000,30.916,26/03/2010,6.259,123276807
Wolf Totem,38000000,7.183,19/02/2015,6.52,123205624
The Lego Ninjago Movie,70000000,20.739,21/09/2017,6.487,123081555
The Pirates! In an Adventure with Scientists!,60000000,15.894,12/3/2012,6.412,123054041
Escape Plan,50000000,31.035,9/10/2013,6.722,122915111
Zombieland: Double Tap,42000000,73.018,9/10/2019,6.989,122801777
The Nut Job,42000000,17.575,17/01/2014,5.735,122529966
Prisoners,46000000,49.155,18/09/2013,8.065,122126687
The Curse of La Llorona,9000000,77.781,17/04/2019,5.702,122033739
Deepwater Horizon,110000000,38.3,28/09/2016,6.819,121790373
Last Christmas,30000000,14.1,7/11/2019,7.263,121550750
Dragon Blade,65000000,31.314,19/02/2015,6.319,121545703
We Bought a Zoo,50000000,21.391,8/12/2011,6.747,120081841
PK,13000000,11.235,18/12/2014,7.7,120000000
The Commuter,30000000,31.274,11/1/2018,6.324,119942387
Parental Guidance,25000000,14.182,25/12/2012,5.892,119772232
Dora and the Lost City of Gold,49000000,33.566,8/8/2019,6.723,119682635
Wonder Park,100000000,21.432,13/03/2019,6.454,119559110
Allied,85000000,20.221,17/11/2016,6.8,119520023
The Shallows,17000000,25.841,24/06/2016,6.356,119100758
The Purge: Election Year,10000000,69.089,29/06/2016,6.409,118587880
Why Him?,38000000,36.64,22/12/2016,6.353,118102725
The Wind Rises,30000000,33.285,20/07/2013,7.79,117932401
Pompeii,100000000,15.127,18/02/2014,5.507,117831631
Magic Mike XXL,14800000,25.475,1/7/2015,6.181,117813057
Game Night,37000000,25.445,22/02/2018,6.841,117501013
Jackass 3D,20000000,24.099,15/10/2010,6.573,117224271
Water for Elephants,38000000,12.142,15/04/2011,6.95,117094902
Warm Bodies,35000000,27.184,31/01/2013,6.43,116980662
Abraham Lincoln: Vampire Hunter,69000000,117.808,20/06/2012,5.674,116471580
The Butler,25000000,12.391,16/08/2013,7.357,115922175
The Iron Lady,13000000,9.65,26/12/2011,6.404,115890699
A Nightmare on Elm Street,35000000,36.505,30/04/2010,5.519,115664037
Pitch Perfect,17000000,27.692,28/09/2012,7.314,115400000
The Gentlemen,22000000,44.512,14/11/2019,7.679,114996853
Dear John,25000000,22.502,4/2/2010,6.846,114977104
2,77000000,7.157,29/11/2018,6,114629169
Office Christmas Party,45000000,14.915,25/11/2016,5.635,114501299
Hope Springs,30000000,13.987,7/8/2012,6.246,114281051
Seventh Son,95000000,51.962,12/12/2014,5.5,114178613
The Dark Tower,60000000,27.581,3/8/2017,5.671,113231078
Along with the Gods: The Last 49 Days,18300000,119.263,1/8/2018,8.261,112790210
Saving Mr. Banks,35000000,11.951,29/11/2013,7.354,112544580
Cats & Dogs: The Revenge of Kitty Galore,85000000,23.952,28/07/2010,5.181,112483764
Tooth Fairy,48000000,36.016,14/01/2010,5.487,112462508
Pet Sematary,21000000,27.937,4/4/2019,5.7,112399944
How to Be Single,38000000,29.07,21/01/2016,6.222,112343513
The Admiral: Roaring Currents,9500000,11.859,30/07/2014,7.079,112156811
The Purge: Anarchy,9000000,60.49,17/07/2014,6.66,111928365
Get Hard,40000000,16.458,26/03/2015,5.985,111811453
The Upside,37500000,18.802,10/1/2019,7.129,111353135
Good Boys,20000000,39.048,14/08/2019,6.857,111037232
Moneyball,50000000,16.965,22/09/2011,7.24,110206216
Free Birds,55000000,19.26,30/10/2013,5.8,110000000
The 5th Wave,38000000,46.55,14/01/2016,5.925,109906372
Neighbors 2: Sorority Rising,35000000,30.305,4/5/2016,5.823,108758521
Sanctum,30000000,60.901,3/2/2011,5.974,108609310
10 Cloverfield Lane,15000000,26.948,10/3/2016,6.969,108286421
The Boxtrolls,60000000,24.824,10/9/2014,6.662,108255770
The Man from U.N.C.L.E.,75000000,25.825,13/08/2015,7.091,108145109
Horrible Bosses 2,42000000,29.019,26/11/2014,6.175,107670357
Paul Blart: Mall Cop 2,38000000,28.294,16/04/2015,5.2,107597242
ParaNorman,60000000,44.726,3/8/2012,6.93,107139399
Hereafter,50000000,61.151,22/10/2010,6.049,106956330
Shaun the Sheep Movie,25000000,13.686,5/2/2015,6.984,106209378
Life As We Know It,38000000,39.502,2/10/2010,6.9,105734416
First Man,70000000,21.378,10/10/2018,7.044,105702570
Gangster Squad,60000000,13.734,10/1/2013,6.336,105200903
Sisters,30000000,16.537,18/12/2015,5.961,105011053
The Campaign,95000000,11.628,9/8/2012,5.792,104907746
Chappie,49000000,95.979,4/3/2015,6.8,104399548
Vacation,31000000,50.187,28/07/2015,6.283,104384188
Insidious: Chapter 3,10000000,49.072,28/05/2015,6.3,104303851
Ouija,5000000,39.306,24/10/2014,5.15,103590271
Birdman or (The Unexpected Virtue of Ignorance),18000000,28.867,17/10/2014,7.471,103215094
Transcendence,100000000,22.713,16/04/2014,6.011,103039258
Jigsaw,10000000,39.059,26/10/2017,6.229,102952888
Love & Other Drugs,30000000,94.315,22/11/2010,7.035,102820008
Project X,12000000,135.961,1/3/2012,6.788,102731865
Railroad Tigers,50000000,9.184,23/12/2016,6,102205175
Sultan,10400000,9.389,6/7/2016,7,102000000
The Devil Inside,1000000,20.837,6/1/2012,4.718,101758490
Heaven Is for Real,12000000,36.015,16/04/2014,6.7,101332962
Joy,60000000,13.539,24/12/2015,6.51,101134059
"Alexander and the Terrible, Horrible, No Good, Very Bad Day",28000000,15.214,8/10/2014,6.199,100654149
Life,58000000,32.626,22/03/2017,6.415,100541806
Tammy,20000000,20.867,2/7/2014,5.316,100525432
Aftershock,25000000,6.082,22/07/2010,7.2,100297064
Philomena,12000000,10.378,1/11/2013,7.386,100129872
Atomic Blonde,30000000,23.069,26/07/2017,6.4,100014025
The Lucky One,25000000,20.13,19/04/2012,7.061,99357138
Blue Jasmine,18000000,12.864,1/8/2013,6.999,99206215
Christopher Robin,75000000,31.191,2/8/2018,7.345,99138899
Instructions Not Included,5500000,24.07,20/07/2013,7.682,99067206
Black Mass,53000000,14.366,4/9/2015,6.449,98837872
Spotlight,20000000,15.688,6/11/2015,7.816,98690254
The Visit,5000000,23.077,10/9/2015,6.293,98450062
Justin Bieber: Never Say Never,13000000,8.798,11/2/2011,5.275,98441954
Riddick,38000000,52.781,2/9/2013,6.279,98337295
Killers,75000000,20.191,4/10/2010,5.973,98159963
Paul,40000000,54.896,14/02/2011,6.693,97984015
A Simple Favor,20000000,20.588,29/08/2018,6.643,97644617
Safe Haven,28000000,11.268,7/2/2013,7.25,97594140
The Little Prince,64000000,26.463,29/07/2015,7.606,97571250
Evil Dead,17000000,42.714,5/4/2013,6.463,97542952
The Book of Life,50000000,76.34,1/10/2014,7.524,97437106
Scream 4,40000000,35.385,11/4/2011,6.385,97231420
Insidious,1500000,83.317,13/09/2010,6.933,97009150
Contraband,25000000,48.211,12/1/2012,6.326,96262212
Kick-Ass,28000000,47.708,22/03/2010,7.115,96188903
Think Like a Man,12000000,10.485,20/04/2012,6.872,96070507
The Rite,37000000,25.703,28/01/2011,6.08,96047633
The Favourite,15000000,14.761,23/11/2018,7.547,95918706
Scary Stories to Tell in the Dark,25000000,27.057,8/8/2019,6.499,95438172
Poltergeist,35000000,34.246,20/05/2015,5.179,95437994
Dolphin Tale,37000000,11.345,23/09/2011,6.954,95404397
The Mortal Instruments: City of Bones,60000000,71.491,21/08/2013,6.428,95396573
Truth or Dare,3500000,57.023,12/4/2018,5.989,95330493
The Flowers of War,94000000,17.65,15/12/2011,7.5,95311434
42,40000000,28.413,12/4/2013,7.123,95020213
Green Zone,100000000,15.162,11/3/2010,6.5,94882889
I Feel Pretty,32000000,17.801,19/04/2018,6.407,94539426
Dirty Grandpa,11500000,58.698,20/01/2016,5.9,94073028
Ben-Hur,100000000,32.763,17/08/2016,5.7,94061311
Blockers,21000000,23.509,14/03/2018,6.288,94017294
In the Heart of the Sea,100000000,23.133,20/11/2015,6.748,93920758
Nothing to Declare,28000000,10.584,20/12/2010,5.853,93800000
The Fighter,25000000,18.776,10/12/2010,7.377,93617009
BlacKkKlansman,15000000,16.958,9/8/2018,7.542,93400823
Goosebumps 2: Haunted Halloween,35000000,42.926,11/10/2018,6.083,93320380
Money Monster,27000000,13.394,12/5/2016,6.444,93282604
The Shack,20000000,337.085,3/3/2017,7.468,92924405
Southpaw,30000000,89.349,24/03/2015,7.354,91709827
Shadow,44005000,9.185,30/09/2018,6.789,91708374
Season of the Witch,40000000,62.556,7/1/2011,5.404,91627228
Five Feet Apart,7000000,71.842,14/03/2019,8.315,91500000
Rambo: Last Blood,50000000,89.024,19/09/2019,6.509,91490353
Overboard,12000000,71.952,13/04/2018,6.669,91244913
Dhoom 3,19500000,13.909,19/12/2013,6.044,91000000
BƒÅhubali: The Beginning,25130430,56.421,10/7/2015,7.571,90747520
My Big Fat Greek Wedding 2,18000000,13.12,23/03/2016,5.935,90632641
Sherlock Gnomes,59000000,15.442,15/03/2018,5.61,90497778
Rush,38000000,19.946,2/9/2013,7.705,90247624
Get Him to the Greek,40000000,10.796,4/6/2010,5.954,90029656
Sucker Punch,82000000,68.785,24/03/2011,6.136,89792502
Burlesque,55000000,15.803,23/11/2010,7.191,89519773
The Purge,3000000,72.412,31/05/2013,6.257,89328627
Crawl,13500000,45.347,11/7/2019,6.305,89203432
Red Riding Hood,42000000,23.596,11/3/2011,5.975,89162162
The Last Song,20000000,15.565,31/03/2010,7.249,89137047
The Hundred-Foot Journey,22000000,11.356,6/8/2014,7.314,88880821
The Inbetweeners Movie,4478250,11.731,19/08/2011,6.141,88823111
John Wick,20000000,77.08,22/10/2014,7.378,88761661
Collateral Beauty,36000000,22.002,6/12/2016,7.252,88528280
Yesterday,26000000,23.438,27/06/2019,6.723,88092097
This Is 40,35000000,16.758,20/12/2012,5.82,88058786
Veteran,7528230,11.932,5/8/2015,6.9,87970000
Deliver Us from Evil,30000000,26.367,1/7/2014,6.208,87937815
Serial (Bad) Weddings 2,18500000,15.839,30/01/2019,5.853,87761857
Train to Busan,8500000,84.536,20/07/2016,7.764,87547518
Pain & Gain,25000000,59.387,18/04/2013,6.221,87305549
About Time,12000000,38.637,4/9/2013,7.908,87100449
Snowpiercer,39200000,54.598,1/8/2013,6.888,86758912
Robin Hood,100000000,32.824,21/11/2018,5.914,86493046
A Million Ways to Die in the West,40000000,20.021,22/05/2014,5.998,86410000
Dinner for Schmucks,69000000,18.72,30/07/2010,5.665,86387857
Paranormal Activity: The Marked Ones,5000000,82.174,1/1/2014,5.4,86362372
War Dogs,40000000,106.071,17/08/2016,6.875,86234523
Step Up All In,45000000,35.61,16/07/2014,6.834,86165646
Hall Pass,36000000,23.855,25/02/2011,5.634,86157237
I Can Only Imagine,7000000,36.739,14/02/2018,7.517,86026201
The Second Best Exotic Marigold Hotel,10000000,10.172,26/02/2015,6.398,85978266
Spy Kids: All the Time in the World,27000000,24.866,18/08/2011,4.723,85564310
Paper Towns,12000000,16.139,18/06/2015,6.1,85512300
The Possession,14000000,18.152,30/08/2012,5.997,85446075
The Lincoln Lawyer,40000000,13.909,17/03/2011,7.173,85412898
Nerve,19000000,30.285,27/06/2016,7.071,85241496
Sicario,30000000,77.812,17/09/2015,7.377,84872444
Going in Style,25000000,22.643,6/4/2017,6.7,84618541
J. Edgar,35000000,11.294,9/11/2011,6.189,84606030
Big Fish & Begonia,4531653,31.028,8/7/2016,7.433,84552250
Marmaduke,50000000,18.952,4/6/2010,5.298,83761844
The Judge,50000000,22.033,8/10/2014,7.312,83719388
Mortal Engines,100000000,31.187,27/11/2018,6.157,83672673
The Ghost Writer,45000000,13.661,12/2/2010,6.82,60331447
Secretariat,35000000,18.601,20/08/2010,7.381,60321861
The Perfect Guy,12000000,9.177,11/9/2015,5.701,60273173
A Haunted House,2500000,88.895,11/1/2013,5.772,60141683
Why Did I Get Married Too?,20000000,11.793,2/4/2010,6.459,60072596
Beautiful Creatures,60000000,17.119,13/02/2013,5.982,60052138
Morning Glory,40000000,12.769,10/11/2010,6.342,60040976
Adrift,35000000,18.055,8/6/2018,6.862,59900000
The Nutcracker and the Four Realms,120000000,28.079,26/10/2018,6.077,59522646
Quartet,11000000,8.433,8/9/2012,6.509,59520298
Rock of Ages,75000000,14.869,13/06/2012,6.197,59418613
One Day,15000000,41.749,2/3/2011,7.4,59389433
Molly's Game,30000000,23.077,20/09/2017,7.149,59284015
The Gift,5000000,11.452,31/07/2015,6.686,58978653
A Walk Among the Tombstones,28000000,57.302,18/09/2014,6.312,58834384
Skiptrace,32000000,24.306,21/07/2016,5.657,58500000
That's My Boy,70000000,58.625,14/06/2012,5.756,58058367
Nine Lives,30000000,17.804,3/8/2016,5.747,57814445
Killer Elite,66000000,40.983,22/09/2011,6.271,57777106
Ready or Not,6000000,44.361,21/08/2019,7.05,57615777
The Physician,36000000,14.704,25/12/2013,7.329,57284237
The 15:17 to Paris,30000000,14.088,2/2/2018,5.412,57076286
All the Money in the World,50000000,13.728,21/12/2017,6.488,56996304
Zoolander 2,50000000,14.983,6/2/2016,4.847,56700000
The Big Sick,5000000,15.158,30/03/2017,7.35,56303596
Remember Me,16000000,17.694,7/4/2010,7.1,56032889
The Odd Life of Timothy Green,25000000,12.968,15/08/2012,6.956,56012642
Bajirao Mastani,19500000,7.911,18/12/2015,7.324,56000000
Dallas Buyers Club,5000,24.092,1/11/2013,7.939,55736588
Cop Out,30000000,14.158,26/02/2010,5.561,55583804
Extremely Loud & Incredibly Close,40000000,12.615,25/12/2011,6.979,55247881
Barbershop: The Next Cut,20000000,18.878,15/04/2016,6.314,55030051
Downsizing,68000000,36.395,22/12/2017,5.292,55003890
Kick,22000000,6.466,25/07/2014,5.983,55000000
The Crazies,20000000,33.154,26/02/2010,6.218,54956140
St. Vincent,13000000,17.798,9/10/2014,7.098,54837234
The Three Stooges,30000000,40.204,13/04/2012,5.738,54819301
The Tree of Life,32000000,16.329,17/05/2011,6.719,54674226
No Escape,5000000,38.866,26/08/2015,6.911,54418872
The Five-Year Engagement,30000000,16.772,27/04/2012,5.824,54169363
"I, Tonya",11000000,17.027,8/12/2017,7.518,53939297
Peppermint,25000000,31.697,6/9/2018,6.681,53918723
No Good Deed,13200000,39.452,10/9/2014,5.958,53830415
Lawless,26000000,32.509,29/08/2012,7.04,53676580
Early Man,50000000,17.69,26/01/2018,6.163,53431158
A Madea Christmas,47000000,4.344,13/12/2013,6.6,53396354
Sinister 2,10000000,30.307,19/08/2015,5.837,53329150
Madea's Big Happy Family,25000000,9.714,22/04/2011,6.843,53213633
The Age of Shadows,9620000,10.8,7/9/2016,7.26,53165427
The Outlaws,5883687,37.896,3/10/2017,7.767,52946454
From Paris with Love,52000000,37.747,4/2/2010,6.245,52826594
3 Days to Kill,28000000,15.849,14/02/2014,6.081,52597999
The Roommate,16000000,15.503,4/2/2011,5.395,52545707
Wild,15000000,10.551,16/01/2014,7.023,52501541
The Boy Next Door,4000000,17.372,23/01/2015,4.813,52425855
Dolphin Tale 2,36000000,9.584,11/9/2014,6.952,52424533
The Night Before,25000000,15.441,20/11/2015,6.086,52395996
Hindi Medium,3213790,5.991,19/05/2017,7.3,52390000
Silent Hill: Revelation 3D,20000000,30.24,10/10/2012,5.453,52302796
The Finest Hours,80000000,28.111,27/01/2016,6.571,52099090
Ma,5000000,25.856,29/05/2019,5.8,51749995
Detective Dee and the Mystery of the Phantom Flame,13000000,16.8,18/09/2010,6.6,51723285
Hot Pursuit,35000000,15.23,8/5/2015,5.671,51680201
Delivery Man,26000000,20.123,10/10/2013,6.23,51164106
The Next Three Days,30000000,31.447,18/11/2010,7.1,51148651
The Mechanic,40000000,27.005,13/01/2011,6.455,51070807
Magic in the Moonlight,16800000,13.815,25/07/2014,6.488,51029361
Ek Tha Tiger,12000000,9.185,15/08/2012,6.199,51000000
Patriots Day,45000000,28.12,12/12/2016,7.034,50548152
Alpha and Omega,20000000,13.133,17/09/2010,5.868,50500000
Just Mercy,25000000,11.902,25/12/2019,7.9,50401502
Red Tails,58000000,57.519,19/01/2012,6.506,50365377
Concussion,35000000,13.297,12/11/2015,7.095,50363790
Nightcrawler,8500000,53.605,23/10/2014,7.687,50300000
HOUBA! On the Trail of the Marsupilami,50000000,6.534,3/4/2012,5.23,50100000
Uncut Gems,19000000,24.794,30/08/2019,7.132,50020902
21 Bridges,33000000,25.677,24/10/2019,6.755,49939757
The Wailing,10951000,15.972,12/5/2016,7.349,49851770
The Switch,19000000,13.422,11/5/2010,6.241,49830607
Space Battleship Yamato,12000000,8.55,1/12/2010,6.3,49827298
She's Out of My League,20000000,18.231,11/3/2010,6.366,49779728
1987: When the Day Comes,12308000,19.464,27/12/2017,8,49380115
Entourage,30000000,15.131,3/6/2015,6.214,49263404
Operation Chromite,12700000,19.82,27/07/2016,5.901,49196532
Beauty and the Beast,33000000,29.963,12/2/2014,6.111,49100000
Breaking In,6000000,16.326,5/5/2018,5.955,49078000
Death at a Funeral,21000000,16.223,15/04/2010,5.785,49050886
About Last Night,12500000,13.162,14/02/2014,5.998,49002684
War of the Arrows,8000000,29.083,10/8/2011,7.163,49000000
The Berlin File,9000000,7.81,30/01/2013,6.727,48965210
Florence Foster Jenkins,29000000,10.852,6/5/2016,6.669,48902953
The Woman in Black 2: Angel of Death,15000000,28.545,30/12/2014,5.226,48854305
Mother's Day,25000000,11.94,28/04/2016,6.023,48782670
How Do You Know,120000000,10.287,17/12/2010,5.276,48668907
Little White Lies,25000000,11.728,20/10/2010,7.1,48531470
Logan Lucky,29000000,19.241,17/08/2017,6.718,48453605
Boo 2! A Madea Halloween,25000000,18.465,20/10/2017,5.67,48333932
Charlie St. Cloud,44000000,32.17,30/07/2010,6.962,48190704
Arthur,40000000,17.764,8/4/2011,5.587,48147945
Boyhood,4000000,15.063,5/6/2014,7.509,48137666
End of Watch,7000000,23.597,20/09/2012,7.326,48126384
21 & Over,13000000,16.771,1/3/2013,5.81,48065672
Countdown,6500000,47.395,24/10/2019,6.363,48021766
Sunny,3550000,7.968,4/5/2011,7.9,48000000
Scott Pilgrim vs. the World,85000000,34.033,12/8/2010,7.452,48000000
Midsommar,9000000,55.735,3/7/2019,7.143,47980982
Queen & Slim,20000000,13.736,27/11/2019,7.1,47803176
Phantom Thread,35000000,15.769,25/12/2017,7.297,47756590
Heartbreaker,8700000,9.013,17/03/2010,6.649,47355187
Her,23000000,33.845,18/12/2013,7.864,47351251
Mortdecai,60000000,21.001,21/01/2015,5.507,47318560
A Monster Calls,43000000,34.677,7/10/2016,7.247,47309313
Soul Surfer,18000000,45.497,8/4/2011,7.062,47088990
Looper,30000000,35.716,26/09/2012,6.862,47042000
The Son of Bigfoot,30000000,25.781,26/07/2017,6.616,46372519
Man on a Ledge,42000000,44.666,13/01/2012,6.426,46221189
Parker,35000000,46.929,23/01/2013,5.993,46216641
The Battleship Island,21000000,23.158,26/07/2017,7.2,46183383
Eddie the Eagle,23000000,13.177,25/02/2016,7.186,46152411
The World's End,20000000,29.416,18/07/2013,6.78,46089287
Risen,20000000,28.033,18/02/2016,6.098,46069568
Yeh Jawaani Hai Deewani,7700000,5.844,31/05/2013,7.34,46000000
Chef,11000000,20.261,8/5/2014,7.1,45967935
Brooklyn's Finest,17000000,11.631,4/3/2010,6.302,45719985
That Awkward Moment,8000000,25.792,29/01/2014,6.146,45640143
The Debt,20000000,9.338,30/09/2010,6.543,45636368
Earth to Echo,13000000,8.755,14/06/2014,5.908,45300000
Blair Witch,5000000,19.392,15/09/2016,5.211,45172994
Flatliners,19000000,15.875,28/09/2017,5.691,45158254
Rough Night,20000000,24.665,15/06/2017,5.702,45056771
Wind River,11000000,23.43,3/8/2017,7.426,44998252
All Eyez on Me,40000000,23.595,12/6/2017,6.718,44922302
Grudge Match,40000000,22.186,25/12/2013,6.059,44907260
Child's Play,10000000,46.077,19/06/2019,5.991,44902237
Red Dawn,65000000,45.275,15/03/2012,5.662,44806783
Hellboy,50000000,57.52,10/4/2019,5.53,44664690
mother!,30000000,24.087,13/09/2017,6.984,44516999
Oculus,5000000,26.243,8/9/2013,6.439,44459951
Playing with Fire,29900000,18.143,8/11/2019,6.789,44400000
House at the End of the Street,6900000,11.168,21/09/2012,5.793,44287131
47 Meters Down,5500000,32.606,25/05/2017,5.777,44235023
Machete,20000000,37.812,1/9/2010,6.327,44093316
Winchester,3500000,20.175,2/2/2018,5.9,44019588
The Internship,58000000,1.023,7/6/2013,6.264,44000000
Max,20000000,31.345,26/06/2015,7.099,43967255
League of Gods,38000000,15.965,28/07/2016,5.5,43300000
The Snowman,35000000,21.307,12/10/2017,5.2,43203413
Beastly,17000000,17.48,21/01/2011,6.321,43202283
Annihilation,40000000,38.037,22/02/2018,6.375,43070915
The Man from Nowhere,1255000,42.218,4/8/2010,7.7,43059790
Homefront,22000000,34.201,12/11/2013,6.952,43058898
When in Rome,55000000,11.208,29/01/2010,6.03,43042835
Kokow√§√§h,5650000,9.952,3/2/2011,6.251,43000000
Legend,25000000,137.098,9/9/2015,7.005,42972994
Snitch,35000000,15.831,21/02/2013,6.055,42930462
Asterix: The Mansions of the Gods,30000000,20.322,26/11/2014,6.8,42830578
The Gallows,100000,15.419,10/7/2015,5,42664410
Almost Christmas,17000000,10.684,11/11/2016,5.837,42487325
Love the Coopers,17000000,14.388,12/11/2015,6.001,42426912
Bad Genius,1839169,18.179,3/5/2017,8,42350000
My Name Is Khan,12000000,24.013,10/2/2010,8.049,42345360
Loving Vincent,5500000,12.645,22/06/2017,8.059,42187665
T2 Trainspotting,18000000,13.921,27/01/2017,6.946,42067430
Going the Distance,32000000,8.474,27/08/2010,6.056,42045846
The Guilt Trip,40000000,11.302,19/12/2012,5.571,41863726
Overlord,38000000,36.793,1/11/2018,6.71,41657844
The Great Battle,13305000,23.363,19/09/2018,7.29,41509280
Of Gods and Men,4000000,14.987,8/9/2010,6.638,41424067
The Lady in the Van,6000000,9.939,30/10/2015,6.43,41387687
Ricki and the Flash,18000000,11.058,10/7/2015,5.799,41325328
This Is Where I Leave You,19800000,10.22,10/9/2014,6.576,41296320
The Darkest Minds,34000000,31.774,25/07/2018,7,41142379
Fist Fight,22000000,38.076,16/02/2017,6.093,41087017
Call Me by Your Name,4000000,82.519,1/9/2017,8.201,41063475
Dredd,50000000,19.489,7/9/2012,6.799,41037742
The Possession of Hannah Grace,7700000,28.064,29/11/2018,5.544,41036181
Fright Night,30000000,14.916,18/08/2011,6.204,41002607
Would I Lie to You? 3,25496629,4.812,31/01/2012,5.507,40924982
Drive Angry,50000000,25.041,24/02/2011,5.475,40909909
The Circle,18000000,29.348,27/04/2017,5.51,40651864
30 Minutes or Less,28000000,38.787,11/8/2011,5.716,40547440
Holmes & Watson,42000000,14.151,25/12/2018,4.337,40462793
The Witch,3500000,47.558,27/01/2015,6.882,40423945
Safe,30000000,24.449,16/04/2012,6.459,40346186
Gifted,7000000,80.917,12/4/2017,8.054,40343446
Carol,11800000,19.425,20/11/2015,7.5,40272135
Diary of a Wimpy Kid: The Long Haul,22000000,20.23,19/05/2017,5.3,40120144
"As Above, So Below",5000000,41.034,14/08/2014,6.658,40100000
Robinson Crusoe,13500000,18.765,4/2/2016,5.8,40075446
Andhadhun,4500000,10.274,5/10/2018,7.698,40000000
Monte Carlo,20000000,32.431,1/7/2011,6.567,39782683
Sin City: A Dame to Kill For,65000000,44.999,20/08/2014,6.355,39407616
My Mom is a Character 3,2000000,6.022,26/12/2019,8.183,39273021
50/50,8000000,23.481,30/09/2011,7.146,39187783
The Gambler,25000000,13.706,25/12/2014,5.885,39171130
Fighting with My Family,11000000,26.236,14/02/2019,6.855,39055536
Badhaai Ho,4000000,6.189,19/10/2018,7.448,39000000
Mars Needs Moms,150000000,23.804,9/3/2011,6.05,38992758
Show Dogs,5500000,14.103,18/05/2018,6.139,38830219
On the Basis of Sex,20000000,23.346,25/12/2018,7.432,38673750
Taxi 5,24625000,17.72,7/4/2018,5.533,38600000
Dream House,50000000,13.366,29/09/2011,6.135,38502340
Spanish Affair 2,4500000,8.059,20/11/2015,5.451,38482411
Chernobyl Diaries,1000000,27.883,24/05/2012,5.26,38390020
Million Dollar Arm,25000000,12.081,9/5/2014,6.8,38307627
Killing Them Softly,15000000,11.06,30/07/2012,6.02,37930465
Acrimony,20000000,22.738,30/03/2018,6.7,34764055
Broken City,56000000,23.722,18/01/2013,5.9,34737199
The Kids Are All Right,3500000,7.855,9/7/2010,6.586,34705850
R.A.I.D. Special Unit,32400000,10.442,1/2/2017,5.769,34598750
Forbidden Empire,26000000,10.666,30/01/2014,5.922,34592118
Courageous,1000000,49.81,30/09/2011,7.531,34522221
Steve Jobs,30000000,9.408,9/10/2015,6.767,34441873
Victor Frankenstein,40000000,14.99,10/11/2015,5.912,34227298
The House,40000000,12.602,29/06/2017,5.613,34200000
"Tad, the Lost Explorer, and the Secret of King Midas",10778400,79.363,25/03/2017,6.519,34156960
The Extraordinary Adventures of Ad√®le Blanc-Sec,25000000,14.993,9/4/2010,6.142,34100000
Endless Love,20000000,16.537,12/2/2014,6.889,34077920
Underdogs,22000000,43.74,18/07/2013,6.574,34061097
Death Wish,30000000,29.187,2/3/2018,6.116,34017028
Gully Boy,5782853,6.57,14/02/2019,7.496,33974264
Richard Jewell,45000000,13.937,13/12/2019,7.458,33904605
The Good Liar,10000000,13.493,8/11/2019,6.718,33856058
The Art of Racing in the Rain,18000000,21.197,8/8/2019,8.269,33766787
The Skin I Live In,13000000,26.359,17/08/2011,7.534,33750478
Shaolin,29000000,12.34,20/01/2011,6.9,33662874
Devil,10000000,25.144,16/09/2010,6.047,33583175
The Spy Who Dumped Me,40000000,21.496,2/8/2018,6.42,33562069
Get on Up,30000000,9.924,1/8/2014,6.74,33448971
The Perks of Being a Wallflower,13000000,39.4,20/09/2012,7.776,33400000
Haywire,23000000,21.733,1/11/2011,5.668,33372606
Project Almanac,12000000,50.816,28/01/2015,6.658,33213241
Night School,29000000,18.135,27/09/2018,6.172,33157615
Seven Psychopaths,15000000,12.791,12/10/2012,6.8,33035736
Lockout,20000000,52.047,12/4/2012,5.898,32948113
Inside Llewyn Davis,11000000,15.994,13/10/2013,7.2,32935319
Brightburn,6000000,31.094,9/5/2019,6.104,32893421
Katy Perry: Part of Me,12000000,11.613,28/06/2012,7.116,32726956
Leap Year,19000000,32.239,8/1/2010,6.867,32686500
The November Man,15000000,16.026,27/08/2014,6.1,32556119
Sleepless,30000000,22.671,12/1/2017,5.921,32540674
The Hurricane Heist,35000000,22.163,28/02/2018,5.69,32517248
Bait,30000000,13.977,5/9/2012,5.66,32500000
UglyDolls,45000000,17.943,1/5/2019,6.675,32450241
Movie 43,6000000,48.048,1/1/2013,4.547,32438988
Stuber,16000000,16.345,11/7/2019,6.682,32400000
The Kid Who Would Be King,59000000,20.812,16/01/2019,6.063,32140970
You Again,20000000,24.154,24/09/2010,6.305,32054369
Airlift,4500000,5.736,22/01/2016,7.201,32000000
Bad Times at the El Royale,32000000,32.966,4/10/2018,6.832,31882724
Self/less,26000000,21.953,10/7/2015,6.407,31807156
Spring Breakers,5000000,19.656,24/01/2013,5.206,31724284
Hunter Killer,40000000,46.145,19/10/2018,6.829,31672678
Anna,34000000,34.228,19/06/2019,6.69,31626978
A Most Wanted Man,15000000,11.247,25/07/2014,6.466,31554855
The Thing,35000000,25.629,12/10/2011,6.186,31505287
Silenced,2200000,31.691,22/09/2011,8.09,31500000
My Hero Academia: Two Heroes,12000000,154.539,3/8/2018,7.941,31478826
I Don't Know How She Does It,24000000,16.675,16/09/2011,5.2,31410151
Premium Rush,35000000,17.992,24/08/2012,6.302,31083599
The Strangers: Prey at Night,12500000,29.22,7/3/2018,5.584,31039126
Billy Lynn's Long Halftime Walk,40000000,13.915,10/11/2016,5.983,30930984
African Cats,5000000,8.119,21/04/2011,7.402,30857747
Winter's Tale,60000000,14.952,13/02/2014,6.269,30800231
Carnage,25000000,10.746,16/09/2011,7.18,30722632
Kidnap,21000000,25.057,16/06/2017,6.175,30718107
When the Bough Breaks,10000000,18.641,9/9/2016,5.8,30658387
What's Your Number?,20000000,14.508,30/09/2011,6.502,30426096
Alex Cross,45000000,13.728,18/10/2012,5.213,30353232
Pandora,13938145,22.885,7/12/2016,7.519,30169000
When the Game Stands Tall,15000000,8.623,22/08/2014,6.648,30127963
The Last Warrior,8250000,12.259,19/10/2017,7,30060061
The Invisible Guest,4000000,38.431,6/1/2017,8.124,30000000
Minuscule: Valley of the Lost Ants,19700000,20.912,17/11/2013,6.903,30000000
Keeping Up with the Joneses,40000000,13.797,20/10/2016,6.091,29918745
Amour,8900000,13.624,20/09/2012,7.769,29844753
The Disaster Artist,10000000,13.558,12/3/2017,7.122,29820616
God's Not Dead,17000000,38.551,21/03/2014,6.02,29789000
The Raven,26000000,32.716,9/3/2012,6.294,29657751
Legend No. 17,7720000,2.723,17/04/2013,7.2,29523237
Alibi.com,7546570,10.164,15/02/2017,6.494,29370592
Mr. Holmes,11000000,16.724,19/06/2015,6.468,29355203
Nocturnal Animals,22500000,24.844,4/11/2016,7.455,29252978
Masterminds,25000000,18.464,29/09/2016,5.725,29200000
My Way,27563396,7.357,14/03/2012,6.4,29193330
Nobody's Fool,19000000,20.195,31/10/2018,6.173,29152618
A Few Best Men,12468389,7.763,14/10/2011,5.753,29007412
Big Eyes,10000000,14.348,24/12/2014,7,28883511
Draft Day,25000000,10.248,11/4/2014,6.702,28831145
Teen Titans Go! To the Movies,10000000,32.749,27/07/2018,7.362,28646544
The Master,32000000,14.778,7/9/2012,7.164,28258060
Your Highness,49900000,11.452,8/4/2011,5.313,28013733
Fan,12750000,7.37,14/04/2016,6.379,28000000
Agneepath,8700000,6.999,25/01/2012,6.475,28000000
Grimsby,35000000,25.159,24/02/2016,5.921,27979040
What Happened to Monday,20000000,78,18/08/2017,7.179,27975429
Nebraska,12000000,9.554,21/09/2013,7.446,27682872
The Happytime Murders,40000000,18.117,22/08/2018,5.73,27506452
A Dangerous Method,15000000,10.436,30/09/2011,6.344,27462041
The Incredible Burt Wonderstone,30000000,13.003,14/03/2013,5.586,27437881
The Beguiled,10500000,25.369,23/06/2017,5.88,27397655
Irrational Man,11000000,9.761,17/07/2015,6.533,27391084
Midnight Sun,2800000,27.943,22/03/2018,7.81,27365467
Mandela: Long Walk to Freedom,35000000,8.312,28/11/2013,6.9,27333835
Flight Crew,10000000,17.561,21/04/2016,6.878,27305571
Ramona and Beezus,15000000,12.088,23/07/2010,6.532,27293743
Khumba,20000000,23.352,18/07/2013,6.031,27187375
American Ultra,28000000,17.519,19/08/2015,6.077,27139524
The Eagle,25000000,12.552,8/2/2011,6.2,27122040
Home Again,12000000,14.438,7/9/2017,6.104,27020284
Wild Tales,4000000,18.036,21/08/2014,7.842,27007072
CHiPS,25000000,24.039,23/03/2017,6.13,26800152
The Bye Bye Man,7400000,23.694,12/1/2017,5.156,26667197
A Cure for Wellness,40000000,20.455,15/02/2017,6.306,26620002
A Monster in Paris,25000000,29.653,12/10/2011,6.809,26611650
Grace of Monaco,30000000,12.094,22/04/2014,6,26576000
We Are the Nobles,2000000,38.768,28/03/2013,7.879,26433651
Aloha,37000000,14.903,29/05/2015,5.476,26250020
Missing Link,100000000,24.444,4/4/2019,7.007,26249469
The Zookeeper's Wife,20000000,19.028,24/03/2017,7.39,26152835
Iceman,25477000,10.821,17/04/2014,5.534,26033917
White Boy Rick,29000000,12.925,14/09/2018,6.336,26000000
The Light Between Oceans,20000000,19.032,2/9/2016,7.088,25975621
Fair Game,22000000,9.593,20/05/2010,6.5,25806953
Rust and Bone,15400000,9.42,17/05/2012,7.187,25762027
Only the Brave,38000000,31.507,22/09/2017,7.372,25754775
Hichki,2000000,5.667,23/03/2018,7.583,25629954
Father Figures,25000000,10.368,21/12/2017,5.827,25601244
Apollo 18,5000000,15.478,20/07/2011,5.258,25562924
Look Who's Back,3196621,15.606,8/10/2015,6.782,25513752
The Brand New Adventures of Aladin,18900000,9.528,3/10/2018,4.9,25498160
The Round Up,20000000,7.339,10/3/2010,7.581,25346148
A Lonely Place to Die,4000000,10.41,9/4/2011,6.1,25345000
A Haunted House 2,4000000,81.084,17/04/2014,6.053,25343661
Happy Death Day 2U,9000000,24.763,13/02/2019,6.33,25327500
And So It Goes,18000000,10.982,17/07/2014,6.11,25312387
Dark Skies,3500000,22.233,21/02/2013,6.291,25174316
Free State of Jones,50000000,20.145,24/06/2016,6.713,25035950
Singham,3062000,6.819,22/07/2011,6.8,25034000
The Dressmaker,11930000,16.078,29/10/2015,6.993,25003426
Bhaag Milkha Bhaag,4600000,6.528,12/7/2013,7.557,25000000
The 33,25000000,16.747,6/8/2015,6.346,24902723
Booksmart,6000000,17.958,24/05/2019,7.046,24849029
Our Idiot Brother,5000000,10.815,26/08/2011,6.137,24816118
Race,5000000,11.513,19/02/2016,7.251,24804129
Big Miracle,40000000,10.048,2/2/2012,6.651,24719215
The Death of Stalin,13000000,8.613,20/10/2017,7.011,24640027
Babysitting 2,9458736,11.864,2/12/2015,6.325,24563629
A Separation,5000000,10.974,15/02/2011,7.915,24426169
Stan & Ollie,10000000,11.151,28/12/2018,6.994,24420923
The Tale of The Princess Kaguya,49300000,17.997,23/11/2013,8.125,24366656
The Witch: Part 1. The Subversion,5500000,41.425,27/06/2018,7.827,24340302
Trance,20000000,7.52,27/03/2013,6.62,24261569
The Railway Man,18000000,10.141,2/12/2013,6.913,24174885
The Way Back,30000000,12.322,22/11/2010,6.958,24172201
The Great Beauty,12400000,15.353,21/05/2013,7.526,24164400
Wanderlust,35000000,15.751,23/02/2012,5.524,24159934
Let Me In,20000000,21.19,1/10/2010,6.772,24145613
The Founder,15000000,27.7,13/09/2016,7.092,24121245
The Rum Diary,45000000,11.218,13/10/2011,5.885,24000000
A Rainy Day in New York,25000000,1.351,26/07/2019,6.499,23800000
C'est la vie!,17200000,7.115,4/10/2017,6.928,23800000
Silence,46000000,21.62,22/12/2016,7.135,23737523
Kevin Hart: What Now?,9900000,7.855,14/10/2016,6.534,23600000
The Losers,25000000,44.855,23/04/2010,6.265,23580000
Hitchcock,15700000,10.498,22/11/2012,6.527,23570541
God's Not Dead 2,5000000,43.656,1/4/2016,6.127,23507567
Jessabelle,1000000,13.089,7/11/2014,5.407,23456897
Detroit,34000000,13.644,28/07/2017,7.324,23355100
Middle School: The Worst Years of My Life,8500000,10.525,7/10/2016,6.916,23316139
Warrior,25000000,71.023,9/9/2011,7.843,23308615
Bad Santa 2,26000000,12.195,23/11/2016,5.363,23229371
Hunt for the Wilderpeople,2500000,16.092,31/03/2016,7.705,23200000
The Way Way Back,4600000,14.76,6/6/2013,7.13,23198652
Captain Fantastic,5000000,23.738,8/7/2016,7.9,23123592
Whiskey Tango Foxtrot,35000000,8.556,4/3/2016,6.259,23083334
Faster,24000000,28.847,23/11/2010,6.314,23081726
Pad Man,10000000,8.032,9/2/2018,7.487,23000000
"Tad, the Lost Explorer",10500000,84.781,10/8/2012,6.042,23000000
Young Adult,12000000,18.502,11/11/2011,5.755,22939027
Black and Blue,12000000,23.033,25/10/2019,6.726,22741061
Live by Night,108000000,15.03,25/12/2016,6.234,22678555
"Paul, Apostle of Christ",5000000,57.562,23/03/2018,7.462,22525668
Julieta,1490000,10.01,8/4/2016,7,22468044
Baggage Claim,8500000,9.517,27/09/2013,5.305,22456509
2 States,4587786,8.098,17/04/2014,6.6,22414611
Late Night,4000000,10.587,25/01/2019,6.479,22384741
Upside Down,60000000,16.107,27/09/2012,6.244,22187813
Piku,5500000,6.036,8/5/2015,7.037,22159216
Sabotage,35000000,25.727,28/03/2014,5.596,22126842
The Farewell,250300,13.424,12/7/2019,7.456,22110994
The Glass Castle,9000000,16.663,11/8/2017,7.15,22088533
A Thousand Words,40000000,25.201,7/3/2012,6.109,22044277
Dil Dhadakne Do,13000000,9.763,4/6/2015,6.891,22000000
The Big Wedding,35000000,10.48,25/04/2013,5.907,21819348
Diana,15000000,31.448,19/09/2013,5.6,21766271
Proud Mary,14000000,13.314,12/1/2018,5.438,21753365
Mud,10000000,11.762,26/04/2013,7.05,21587700
Black or White,9000000,8.106,6/9/2014,6.838,21571189
My Soul to Take,25000000,10.994,8/10/2010,5.6,21500813
Our Family Wedding,14000000,10.488,12/3/2010,5.677,21409028
Love & Friendship,3000000,12.454,26/05/2016,6.136,21401949
Shaft,30000000,15.883,14/06/2019,6.548,21360215
Fifty Shades of Black,20000000,74.893,28/01/2016,4.861,21164799
The Prodigy,6000000,14.904,6/2/2019,6.151,21150265
Beasts of the Southern Wild,1800000,10.025,29/06/2012,6.8,21107746
Yves Saint Laurent,12000000,7.439,8/1/2014,6.631,21026290
The Infiltrator,28000000,15.42,13/07/2016,6.64,21011110
71: Into the Fire,10400000,9.192,16/06/2010,7.5,20967660
Keanu,15000000,10.006,21/04/2016,6.056,20609977
Country Strong,15000000,9.709,22/12/2010,6.306,20601987
If Beale Street Could Talk,12000000,10.997,14/12/2018,6.981,20572691
My Mom is a Character,2000000,6.087,21/06/2013,7.76,20552094
SuperFly,16000000,18.923,13/06/2018,6.8,20545116
The Clan,3500000,7.089,13/08/2015,6.749,20381995
Labor Day,18000000,16.61,27/12/2013,6.99,20275812
Babysitting,3400000,10.111,16/04/2014,6.811,20258904
Champions,4920975,16.107,6/4/2018,7.57,20121318
Justin and the Knights of Valour,22000000,11.732,9/8/2013,5.889,19799759
Left Behind,16000000,39.068,3/10/2014,4.206,19682924
Rockstar,10920000,6.356,11/11/2011,7.2,19660000
The Guard,6000000,9.84,7/7/2011,6.967,19560274
Margin Call,3500000,17.25,11/2/2011,6.793,19504039
Attraction,5027266,20.545,26/01/2017,6.652,19454845
Eega,5990000,8.343,5/7/2012,6.924,19450000
It Comes at Night,5000000,18.13,9/6/2017,5.828,19280931
The Best Offer,13500000,11.434,1/1/2013,7.842,19255873
Buried,1987650,13.872,24/09/2010,6.61,19152480
The Bling Ring,15000000,10.903,12/6/2013,5.4,19145732
The Drop,12600000,25.885,12/9/2014,6.755,19054534
The Big Bad Fox and Other Tales,3000000,10.833,21/06/2017,7.714,19030780
Kapoor & Sons,3577143,6.3,18/03/2016,7.045,18897918
An Officer and a Spy,25300000,9.252,30/09/2019,7.077,18878646
Super Troopers 2,13500000,14.674,19/04/2018,5.821,18850674
The Edge of Seventeen,9000000,20.196,18/11/2016,7.2,18803648
Cold War,4954500,10.165,8/6/2018,7.489,18754051
The Choice,10000000,17.297,4/2/2016,7.188,18730891
Eye in the Sky,13000000,11.074,10/3/2016,7.04,18704595
Glee: The Concert Movie,9000000,11.855,11/8/2011,7.3,18663238
Legends of Oz: Dorothy's Return,70000000,15.136,8/5/2014,6.08,18662027
Admission,13000000,10.017,21/03/2013,5.586,18637201
The Visitors: Bastille Day,25868826,11.045,23/03/2016,4.1,18552314
Black Christmas,5000000,9.66,11/12/2019,4.675,18529730
Repo Men,32000000,11.071,18/03/2010,6.313,18409891
Motherless Brooklyn,26000000,20.685,31/10/2019,6.717,18377736
The Hunt,3800000,18.212,25/10/2012,8.094,18309793
Blinded by the Light,15000000,10.591,9/8/2019,6.976,18144644
StreetDance 3D,5773100,15.746,19/05/2010,6.4,18144030
Another Year,8000000,7.767,5/11/2010,7,18124262
The Lighthouse,11000000,26.306,18/10/2019,7.53,18123239
Delhi Belly,4090000,5.711,1/7/2011,6.946,18035000
Space Pirate Captain Harlock,30000000,38.171,7/9/2013,6.6,18010317
Special 26,7100000,5.891,7/2/2013,7.352,18000000
Everybody Knows,11318430,12.08,9/5/2018,6.514,17997350
Dope,7000000,14.442,19/06/2015,7.124,17986781
Chappaquiddick,34000000,9.244,6/4/2018,6.087,17904202
The Quiet Ones,200000,9.086,1/4/2014,5.093,17834867
Unforgettable,12000000,22.321,6/3/2017,5.826,17768012
Blackhat,70000000,39.68,13/01/2015,5.5,17752940
Uncle Drew,19000000,21.734,27/06/2018,6.747,17665000
A Dog's Way Home,18000000,30.626,10/1/2019,7.307,17643857
Neerja,2900000,8.628,19/02/2016,7.411,17618280
13 Assassins,6000000,53.147,9/9/2010,7.3,17555141
Fruitvale Station,900000,12.922,26/07/2013,7.4,17549645
The Humanity Bureau,6000000,15.574,11/7/2017,4.833,17544173
Loving Pablo,4667008,17.983,12/10/2017,6.26,17535962
Sarah's Key,10000000,7.389,16/09/2010,7.3,17511906
Operation Finale,24000000,16.354,29/08/2018,6.7,17506878
Escape Plan 2: Hades,20000000,41.432,5/6/2018,5.097,17500000
Little,20000000,24.311,4/4/2019,6.848,17399000
While We're Young,10000000,15.332,3/4/2015,5.925,17287309
The Lunchbox,3400000,8.619,20/09/2013,7.304,17240000
The Nutcracker: The Untold Story,90000000,15.095,24/11/2010,5.135,17177993
Saint Seiya: Legend of Sanctuary,23000000,85.794,21/06/2014,6.5,17150803
Pinocchio,12400000,156.085,19/12/2019,6.594,17133446
